filename,hsize,rsize
745535_7_M.pdf,20 MB,21361932
4188701_2_M.pdf,43 MB,45120267
2854667_2_M.pdf,82 MB,85643781
1822290_2_M.pdf,34 MB,35315222
1872486_2_M.pdf,2 MB,2118016
5527070_1_M.pdf,51 MB,53406791
5344954_1_M.pdf,44 MB,45686749
4654472_1_M.pdf,31 MB,32129614
3236437_2_M.pdf,78 MB,81974256
2960661_4_M.pdf,38 MB,39464716
5501525_1_M.pdf,48 MB,50484810
725050_4_M.pdf,927 KB,949280
646096_6_M.pdf,83 MB,86697179
3846185_4_M.pdf,65 MB,68170292
3662752_3_M.pdf,99 MB,103381109
738188_3_M.pdf,103 MB,108099058
730116_5_M.pdf,155 MB,162522097
1347205_7_M.pdf,63 MB,66354426
593151_4_M.pdf,33 MB,34837275
593485_4_M.pdf,410 MB,430286002
3212454_5_M.pdf,64 MB,66747407
16844_4_M.pdf,59 MB,61478968
3253443_3_M.pdf,28 MB,29380228
358282_1_M.pdf,439 MB,460153261
646978_5_M.pdf,56 MB,59225643
1818799_6_M.pdf,140 MB,146613077
3510510_2_M.pdf,134 MB,140917495
596593_6_M.pdf,3 MB,2675340
3217844_5_M.pdf,74 MB,78093858
14080_3_M.pdf,255 MB,266951920
1409402_5_M.pdf,90 MB,94556029
845240_5_M.pdf,2 MB,1672682
3652731_8_M.pdf,221 MB,231481554
4120049_1_M.pdf,1 MB,1197272
3583475_6_M.pdf,79 MB,83268507
4471446_1_M.pdf,4 MB,4509664
3849299_2_M.pdf,98 MB,103261613
2812209_5_M.pdf,112 MB,117524933
1402310_2_M.pdf,745 MB,781447022
3824036_2_M.pdf,39 MB,41250819
723912_2_M.pdf,114 MB,120001515
3802269_5_M.pdf,141 MB,147615578
647048_9_M.pdf,129 MB,135774554
647833_7_M.pdf,138 MB,144903749
4167901_3_M.pdf,52 MB,54882773
786443_5_M.pdf,140 MB,146515554
3858293_2_M.pdf,57 MB,59885466
3535336_2_M.pdf,8 MB,8050335
1314459_2_M.pdf,150 MB,157342265
3246496_2_M.pdf,116 MB,121316646
3689764_3_M.pdf,82 MB,85887164
3605762_5_M.pdf,165 MB,172813605
4627507_3_M.pdf,89 MB,93336737
5373955_1_M.pdf,123 MB,128960928
2856366_3_M.pdf,45 MB,46828660
2821632_3_M.pdf,187 MB,196533513
721298_3_M.pdf,14 MB,14771411
737386_11_M.pdf,352 MB,369313561
3240185_3_M.pdf,135 MB,141378722
3840027_5_M.pdf,127 MB,133476435
600398_2_M.pdf,149 MB,156550029
5311637_1_M.pdf,148 MB,154884630
596739_5_M.pdf,119 MB,124961854
81533_2_M.pdf,21 MB,21916598
3685125_2_M.pdf,306 MB,321166854
608782_5_M.pdf,84 MB,87885513
19029_6_M.pdf,326 MB,341839392
642212_5_M.pdf,101 MB,106419670
4139619_3_M.pdf,283 MB,296780346
4675054_1_M.pdf,100 MB,105178339
1470433_4_M.pdf,203 MB,212684516
864631_9_M.pdf,134 MB,140209350
3598275_2_M.pdf,55 MB,57760635
3540102_4_M.pdf,77 MB,80415392
3697094_4_M.pdf,144 MB,151216943
4652439_1_M.pdf,69 MB,72737342
3585053_5_M.pdf,133 MB,139357699
1428321_6_M.pdf,97 MB,102091699
3213816_3_M.pdf,130 MB,136189059
645345_4_M.pdf,87 MB,91619075
5358476_2_M.pdf,535 MB,561457208
2906229_5_M.pdf,109 MB,113998259
786187_5_M.pdf,75 MB,78818477
736916_4_M.pdf,86 MB,89713390
15118_13_M.pdf,94 MB,98278594
844330_5_M.pdf,97 MB,101324221
5323559_1_M.pdf,51 MB,53836250
1301429_3_M.pdf,64 MB,66746128
1317463_8_M.pdf,150 MB,157219976
649388_3_M.pdf,67 MB,69827543
19774_5_M.pdf,111 MB,116001836
3867346_3_M.pdf,46 MB,48632944
3804624_2_M.pdf,38 MB,39577452
5557285_1_M.pdf,51 MB,53936728
3860096_4_M.pdf,38 MB,40269855
591800_3_M.pdf,40 MB,42419814
17220_4_M.pdf,93 MB,97010939
3614442_3_M.pdf,98 MB,102866220
3630283_3_M.pdf,120 MB,126010027
844682_6_M.pdf,134 MB,140735054
4748898_2_M.pdf,109 MB,114582343
1845961_8_M.pdf,60 MB,63191240
4742477_1_M.pdf,167 MB,175081147
2972877_3_M.pdf,2 MB,1923077
4736346_1_M.pdf,104 MB,109055068
4779665_2_M.pdf,44 MB,46266172
2909160_4_M.pdf,49 MB,51612340
4624237_1_M.pdf,55 MB,57760406
616088_2_M.pdf,86 MB,90436882
3525943_5_M.pdf,71 MB,74391706
4431005_1_M.pdf,130 MB,136091114
5384062_1_M.pdf,88 MB,91804298
1837088_11_M.pdf,113 MB,118733037
734938_4_M.pdf,84 MB,87994206
5534946_1_M.pdf,434 MB,454587468
1371141_3_M.pdf,80 MB,84311507
4465323_3_M.pdf,76 MB,79245237
3640863_3_M.pdf,51 MB,53164834
591767_3_M.pdf,16 MB,16698811
591416_7_M.pdf,173 MB,181332878
2868899_2_M.pdf,280 MB,293691434
1867087_8_M.pdf,219 MB,229504066
590750_4_M.pdf,261 MB,273669932
3656669_5_M.pdf,36 MB,38121775
11019_1_M.pdf,98 MB,102837380
82695_4_M.pdf,58 MB,60530766
1327964_5_M.pdf,47 MB,49477650
2990770_2_M.pdf,189 MB,197698474
732690_3_M.pdf,50 MB,52383891
2910463_6_M.pdf,73 MB,76768287
3851414_3_M.pdf,106 MB,111462074
600926_6_M.pdf,77 MB,80737136
3533124_5_M.pdf,89 MB,92929325
3831238_8_M.pdf,180 MB,188541891
3677782_2_M.pdf,56 MB,58810492
4450798_6_M.pdf,133 MB,139467314
2959267_6_M.pdf,168 MB,175708135
558863_3_M.pdf,79 MB,83008782
2819031_2_M.pdf,46 MB,48249604
4405311_3_M.pdf,309 MB,323525982
643817_5_M.pdf,161 MB,169290319
721522_3_M.pdf,107 MB,111882116
2843346_7_M.pdf,482 MB,505251972
785433_3_M.pdf,546 MB,572524462
2953999_3_M.pdf,41 MB,43448634
865234_3_M.pdf,4 MB,4317329
2838023_3_M.pdf,255 MB,267073987
3501114_2_M.pdf,122 MB,127733676
648406_3_M.pdf,1 MB,1075238
2834721_3_M.pdf,185 MB,194037089
2952055_6_M.pdf,216 MB,226256359
5387109_1_M.pdf,48 MB,50590501
3226616_11_M.pdf,182 MB,191133974
4765578_2_M.pdf,173 MB,181430811
737914_4_M.pdf,37 MB,38335171
1334533_3_M.pdf,42 MB,44139973
2970033_3_M.pdf,228 MB,238883447
3693502_2_M.pdf,68 MB,70820855
148043_2_M.pdf,3.31 GB,3555774031
4641595_1_M.pdf,116 MB,121339040
2851092_7_M.pdf,69 MB,71882755
2897365_8_M.pdf,142 MB,148875785
649511_11_M.pdf,143 MB,150235998
3833711_6_M.pdf,740 MB,776198936
11641_2_M.pdf,268 MB,281089543
731984_3_M.pdf,538 MB,564231235
10672_1_M.pdf,960 MB,1006467597
4739676_1_M.pdf,81 MB,84535997
3680867_8_M.pdf,117 MB,122628199
641267_8_M.pdf,135 MB,142015710
3616822_3_M.pdf,86 MB,90020405
743026_17_M.pdf,204 MB,213458269
3892148_5_M.pdf,164 MB,171955484
1383997_6_M.pdf,205 MB,215051636
3646093_2_M.pdf,51 MB,53708643
4601947_1_M.pdf,202 MB,211975794
1838568_3_M.pdf,138 MB,145082354
13224_4_M.pdf,235 MB,246326154
2847973_7_M.pdf,123 MB,129258433
3810024_2_M.pdf,217 MB,228013292
4752794_1_M.pdf,38 MB,39721407
3517984_3_M.pdf,251 MB,262911952
3611679_2_M.pdf,31 MB,32618719
619135_2_M.pdf,2 MB,2099718
4155659_3_M.pdf,97 MB,101900064
609710_3_M.pdf,201 MB,210469910
2923011_3_M.pdf,427 MB,447262820
3254469_2_M.pdf,47 MB,49307534
2901316_8_M.pdf,54 MB,56746442
4653386_4_M.pdf,105 MB,109828160
558123_2_M.pdf,200 MB,210026495
4756404_3_M.pdf,389 MB,408298138
1803838_2_M.pdf,56 MB,59112241
286041_8_M.pdf,431 MB,452365936
3234364_2_M.pdf,32 MB,33469431
4130349_7_M.pdf,79 MB,83316713
1444090_4_M.pdf,131 MB,137540313
1488721_3_M.pdf,93 MB,97274228
188733_7_M.pdf,201 MB,210368404
4416267_2_M.pdf,150 MB,157451646
4660857_2_M.pdf,76 MB,79680812
615863_2_M.pdf,139 MB,145420337
3854192_2_M.pdf,73 MB,76744879
558445_4_M.pdf,46 MB,48740641
1406773_2_M.pdf,71 MB,73949124
601913_2_M.pdf,65 MB,68309876
556343_6_M.pdf,81 MB,84756226
3228311_3_M.pdf,45 MB,46669857
724826_8_M.pdf,52 MB,54501302
775984_7_M.pdf,96 MB,101116963
4193303_2_M.pdf,366 MB,383740668
2866876_3_M.pdf,170 MB,178191155
4168891_2_M.pdf,3.19 GB,3420609990
4409150_4_M.pdf,254 MB,266153032
84525_4_M.pdf,2 MB,2522748
180966_1_M.pdf,239 MB,250929381
326977_14_M.pdf,238 MB,249495883
776514_4_M.pdf,100 MB,105007549
295027_9_M.pdf,233 MB,244496313
3856190_3_M.pdf,255 MB,267631360
1308396_2_M.pdf,75 MB,79082496
3545043_2_M.pdf,233 MB,243968231
3279877_2_M.pdf,52 MB,54351941
3586514_3_M.pdf,0 Byte,0
729326_3_M.pdf,52 MB,54930986
736376_6_M.pdf,205 MB,215240487
4444940_2_M.pdf,221 MB,231532676
741536_6_M.pdf,316 MB,331167682
5394700_1_M.pdf,151 MB,158238727
4134148_1_M.pdf,5 MB,5304061
3859333_2_M.pdf,26 MB,26991815
4647741_1_M.pdf,34 MB,36029311
4661276_1_M.pdf,29 MB,30059419
4127107_2_M.pdf,514 KB,526690
645729_5_M.pdf,3 MB,2965160
4158248_1_M.pdf,791 KB,809924
1812487_4_M.pdf,50 MB,52613481
4743517_1_M.pdf,18 MB,19228276
4760342_1_M.pdf,69 MB,72760591
1386779_7_M.pdf,81 MB,85448256
4181351_2_M.pdf,74 MB,77534780
732203_4_M.pdf,3 MB,3651922
4764530_3_M.pdf,92 MB,96632085
4406623_3_M.pdf,203 MB,212394304
735525_4_M.pdf,2 MB,2440223
3670071_2_M.pdf,35 MB,37106819
776861_4_M.pdf,39 MB,41163194
1879986_3_M.pdf,56 MB,58400178
283987_11_M.pdf,326 MB,341397661
18455_1_M.pdf,187 MB,196031039
3861481_4_M.pdf,92 MB,95953942
4784545_3_M.pdf,126 MB,132362470
5398711_2_M.pdf,526 MB,551736649
1352542_3_M.pdf,79 MB,82535078
1468905_3_M.pdf,68 MB,71602571
11583_17_M.pdf,173 MB,181111214
3239461_3_M.pdf,47 MB,49480687
4480993_1_M.pdf,66 MB,69456183
5521634_1_M.pdf,160 MB,167265394
843981_6_M.pdf,132 MB,138558814
16634_8_M.pdf,90 MB,94694926
4144582_3_M.pdf,131 MB,137752732
1817726_4_M.pdf,37 MB,38498094
4798284_4_M.pdf,75 MB,78408372
4489857_1_M.pdf,32 MB,33314561
2823043_5_M.pdf,189 MB,197827079
3539314_2_M.pdf,46 MB,48208794
786346_7_M.pdf,349 MB,365750522
4445455_2_M.pdf,479 MB,502714342
3288261_2_M.pdf,62 MB,65170722
3591910_3_M.pdf,52 MB,54752436
725339_7_M.pdf,128 MB,134633359
4493941_1_M.pdf,15 MB,16106690
4411642_2_M.pdf,41 MB,42726406
3896858_6_M.pdf,260 MB,272225433
2877098_4_M.pdf,79 MB,82983748
3534548_4_M.pdf,38 MB,40021144
1840434_6_M.pdf,443 MB,464187634
720521_7_M.pdf,81 MB,84745260
4704381_1_M.pdf,84 MB,87781217
1881234_5_M.pdf,149 MB,156616231
1366201_5_M.pdf,93 MB,97356204
3606120_5_M.pdf,101 MB,106101821
148453_18_M.pdf,226 MB,237347640
1450576_5_M.pdf,182 MB,190895017
592787_6_M.pdf,3 MB,2681872
2902735_2_M.pdf,44 MB,45828974
1819025_2_M.pdf,2 MB,1829624
4472670_1_M.pdf,74 MB,77661521
725153_7_M.pdf,35 MB,36536357
16289_1_M.pdf,655 MB,687285042
1828624_5_M.pdf,106 MB,110824053
1410160_13_M.pdf,266 MB,278426986
4655139_6_M.pdf,158 MB,165185284
615606_4_M.pdf,237 MB,248579102
595206_3_M.pdf,26 MB,27708898
13949_3_M.pdf,30 MB,31975955
1368648_4_M.pdf,161 MB,168566679
4119825_6_M.pdf,152 MB,159674876
4621051_1_M.pdf,272 MB,285594955
4777516_1_M.pdf,32 MB,33791297
5552906_1_M.pdf,29 MB,30434753
3639163_4_M.pdf,79 MB,83221859
1422464_5_M.pdf,104 MB,109059195
4694094_5_M.pdf,114 MB,119833422
1344997_5_M.pdf,993 KB,1017030
363750_4_M.pdf,146 MB,152902236
3819168_4_M.pdf,35 MB,37062204
3248897_3_M.pdf,21 MB,22002465
3635579_4_M.pdf,56 MB,58861852
3262450_6_M.pdf,117 MB,123053165
2878092_11_M.pdf,102 MB,106675624
2968535_6_M.pdf,100 MB,105306349
2986834_4_M.pdf,79 MB,82366910
17486_8_M.pdf,1.38 GB,1486199928
2827214_2_M.pdf,73 MB,76300089
4113882_3_M.pdf,43 MB,45314157
4454135_3_M.pdf,357 MB,373848210
4620367_3_M.pdf,24 MB,24767098
3251359_3_M.pdf,48 MB,50600362
3658545_4_M.pdf,55 MB,57601127
4184744_3_M.pdf,75 MB,78230262
4123765_3_M.pdf,109 MB,113992759
647289_3_M.pdf,575 KB,589101
4459153_9_M.pdf,118 MB,123211198
1313445_7_M.pdf,159 MB,166475207
3885399_2_M.pdf,236 MB,247816013
3543236_4_M.pdf,332 MB,348637241
88194_5_M.pdf,256 MB,268309054
5313985_2_M.pdf,920 MB,964436969
3505776_2_M.pdf,37 MB,38740467
4496347_1_M.pdf,47 MB,49486409
609318_4_M.pdf,280 MB,293791476
4729361_4_M.pdf,160 MB,167595429
3881102_5_M.pdf,118 MB,123370321
1499010_6_M.pdf,102 MB,106509305
3811373_4_M.pdf,76 MB,80119456
4421657_6_M.pdf,213 MB,223659489
1862560_3_M.pdf,39 MB,41185762
1405653_5_M.pdf,96 MB,100753677
2905672_2_M.pdf,92 MB,96313828
864511_3_M.pdf,66 MB,69696280
3642480_2_M.pdf,44 MB,46023020
2820667_3_M.pdf,156 MB,163327420
1866679_3_M.pdf,1.01 GB,1086902958
1361351_5_M.pdf,97 MB,101323932
2903134_2_M.pdf,63 MB,66225054
5532091_2_M.pdf,21 MB,21526603
734646_3_M.pdf,65 MB,68410880
4713858_1_M.pdf,1 MB,1426216
601892_1_M.pdf,59 MB,61487705
2921628_2_M.pdf,144 MB,151044733
592369_7_M.pdf,84 MB,87970734
15812_3_M.pdf,110 MB,115658013
785213_3_M.pdf,3 MB,2740943
733833_4_M.pdf,48 MB,50796787
3618543_3_M.pdf,86 MB,90277052
3243290_5_M.pdf,47 MB,49266628
4643511_2_M.pdf,36 MB,37860986
649765_3_M.pdf,7 MB,7625590
593628_2_M.pdf,34 MB,35753639
5516066_1_M.pdf,64 MB,67309769
3603353_6_M.pdf,68 MB,71714176
1820885_8_M.pdf,67 MB,70224278
4197121_3_M.pdf,85 MB,88784901
5553659_1_M.pdf,182 MB,191242199
16509_3_M.pdf,276 MB,289488827
732734_3_M.pdf,79 MB,83158615
3675821_3_M.pdf,82 MB,85727411
4107277_3_M.pdf,31 MB,32700606
3678651_2_M.pdf,63 MB,66238588
3511233_2_M.pdf,33 MB,35106004
732024_8_M.pdf,153 MB,160670227
1898677_6_M.pdf,219 MB,230008311
5526896_1_M.pdf,24 MB,24895869
3266871_5_M.pdf,190 MB,199603069
733113_3_M.pdf,43 MB,44628328
3825401_3_M.pdf,111 MB,116068757
1464794_6_M.pdf,97 MB,101416763
2935486_4_M.pdf,143 MB,149922745
4625439_1_M.pdf,65 MB,68062516
785077_8_M.pdf,111 MB,116349222
2875342_3_M.pdf,98 MB,103257701
3665603_5_M.pdf,185 MB,193612194
16027_8_M.pdf,207 MB,216638303
646315_6_M.pdf,246 MB,257732338
4413212_8_M.pdf,59 MB,61513935
4670997_1_M.pdf,183 MB,192283925
3292182_3_M.pdf,5 MB,4964261
557804_2_M.pdf,56 MB,58905571
1473171_6_M.pdf,120 MB,125926230
137856_5_M.pdf,315 MB,329898458
4634325_2_M.pdf,85 MB,89305952
15731_11_M.pdf,141 MB,148138965
2824630_4_M.pdf,580 MB,608611780
1880140_2_M.pdf,58 MB,61096500
3258718_3_M.pdf,267 MB,279958993
2862690_2_M.pdf,103 MB,107814190
1476326_4_M.pdf,66 MB,68710970
3848432_3_M.pdf,54 MB,56513814
16447_3_M.pdf,37 MB,38304848
4656138_3_M.pdf,67 MB,70274729
602335_8_M.pdf,115 MB,120089298
3847487_2_M.pdf,48 MB,50657076
734241_6_M.pdf,172 MB,180038184
597148_2_M.pdf,49 MB,51454132
3569778_6_M.pdf,601 MB,630431566
19198_5_M.pdf,59 MB,62124815
2982715_2_M.pdf,19 MB,19597631
4686255_1_M.pdf,116 MB,121196395
4604627_5_M.pdf,245 MB,256855102
645583_4_M.pdf,26 MB,27763306
1395990_3_M.pdf,522 MB,547595576
3547356_4_M.pdf,59 MB,62233848
2817698_2_M.pdf,133 MB,139941454
4705512_2_M.pdf,36 MB,37771267
4696420_2_M.pdf,43 MB,44953702
610185_4_M.pdf,190 MB,198952451
643523_3_M.pdf,118 MB,123967063
4438135_2_M.pdf,355 MB,372674019
88384_1_M.pdf,75 MB,78886552
3629877_2_M.pdf,36 MB,37303361
88488_11_M.pdf,56 MB,58846700
4196719_5_M.pdf,480 MB,503085580
4467763_3_M.pdf,402 MB,421246025
2942361_4_M.pdf,2.08 GB,2229490828
1885611_3_M.pdf,517 MB,542580613
4721745_1_M.pdf,635 MB,666043078
3508743_5_M.pdf,104 MB,108702597
556890_3_M.pdf,397 MB,416522479
3259598_8_M.pdf,674 MB,706807795
748156_7_M.pdf,146 MB,153360535
720115_6_M.pdf,191 MB,200151024
4758342_1_M.pdf,9 MB,9269144
1449985_9_M.pdf,326 MB,341641434
2850859_4_M.pdf,368 MB,385851224
3838791_3_M.pdf,32 MB,33193796
3522576_3_M.pdf,91 MB,95497876
1451704_3_M.pdf,43 MB,45403218
4761697_1_M.pdf,98 MB,102758761
4609432_3_M.pdf,18 MB,18412625
3219042_4_M.pdf,97 MB,101795235
3695513_6_M.pdf,43 MB,45108645
5307441_3_M.pdf,920 MB,964630766
605802_2_M.pdf,20 MB,20605391
607096_3_M.pdf,188 MB,196850913
80323_8_M.pdf,1 MB,1545987
640504_11_M.pdf,112 MB,117130583
733318_5_M.pdf,220 MB,230162802
4469668_2_M.pdf,75 MB,79164619
4401041_2_M.pdf,109 MB,114231608
4495716_1_M.pdf,26 MB,27483129
4613682_4_M.pdf,174 MB,182819726
1826587_6_M.pdf,38 MB,39350565
737144_2_M.pdf,16 MB,17259683
727060_4_M.pdf,4 MB,3857199
87981_4_M.pdf,193 MB,202537617
740590_8_M.pdf,378 MB,396118423
3803664_3_M.pdf,471 MB,493510597
5379287_1_M.pdf,44 MB,46630989
4635700_1_M.pdf,20 MB,20720855
591365_7_M.pdf,334 MB,349827720
3202475_3_M.pdf,30 MB,31602724
3698445_2_M.pdf,200 MB,209999346
1362297_6_M.pdf,65 MB,68136773
3835096_4_M.pdf,75 MB,78799048
722536_2_M.pdf,26 MB,27305980
5392596_1_M.pdf,628 MB,658467835
4639578_2_M.pdf,229 MB,240202400
4135782_4_M.pdf,15 MB,15829800
1350000_5_M.pdf,72 MB,75943028
5537572_1_M.pdf,99 MB,104259405
4738731_2_M.pdf,155 MB,162628387
3644358_2_M.pdf,154 MB,161126599
299692_2_M.pdf,33 MB,34425485
721413_3_M.pdf,38 MB,39817294
5376698_1_M.pdf,28 MB,29768839
729728_3_M.pdf,141 MB,147934051
4424411_1_M.pdf,252 MB,264702467
147582_3_M.pdf,42 MB,43817577
10366_2_M.pdf,71 MB,74038718
2984192_5_M.pdf,118 MB,123834614
740611_4_M.pdf,133 MB,139428858
3519281_3_M.pdf,177 MB,185290168
4152976_2_M.pdf,138 MB,144378736
3281204_2_M.pdf,154 MB,161655649
603146_7_M.pdf,24 MB,25626592
4475202_1_M.pdf,50 MB,52853475
1462717_4_M.pdf,130 MB,136483872
88548_3_M.pdf,118 MB,123360195
4176935_5_M.pdf,107 MB,112493796
5506143_1_M.pdf,562 MB,589525246
2887303_2_M.pdf,32 MB,33484942
12360_10_M.pdf,136 MB,142629191
600402_9_M.pdf,113 MB,118694096
5319508_1_M.pdf,113 MB,118032524
12639_7_M.pdf,335 MB,351408328
4794065_2_M.pdf,206 MB,216220220
728022_2_M.pdf,156 MB,164082949
722834_4_M.pdf,107 MB,112574804
89492_6_M.pdf,65 MB,68080966
1332808_6_M.pdf,126 MB,132196661
4484283_2_M.pdf,48 MB,50768571
2936336_5_M.pdf,125 MB,131052621
2956859_7_M.pdf,121 MB,127140738
736530_6_M.pdf,104 MB,109055011
5513357_1_M.pdf,81 MB,84843705
3852446_2_M.pdf,47 MB,49073390
2994463_6_M.pdf,156 MB,163652066
2954100_4_M.pdf,98 MB,103032353
1438644_4_M.pdf,41 MB,43436280
736733_2_M.pdf,5 MB,4750671
143990_12_M.pdf,120 MB,125657364
4682297_3_M.pdf,34 MB,35634514
1306178_19_M.pdf,142 MB,149279050
80920_1_M.pdf,166 MB,174055857
17109_2_M.pdf,123 MB,128705636
2857231_2_M.pdf,441 MB,462249934
4746245_1_M.pdf,187 MB,196333839
3661722_6_M.pdf,98 MB,102713370
4632451_1_M.pdf,73 MB,76325163
1367308_5_M.pdf,46 MB,48269534
2985595_6_M.pdf,219 MB,229119759
607247_3_M.pdf,100 MB,105318757
88739_6_M.pdf,3 MB,3601641
4768865_1_M.pdf,40 MB,42025975
2809975_2_M.pdf,85 MB,88995641
10859_12_M.pdf,1.12 GB,1203412707
82876_7_M.pdf,399 MB,418830114
1873202_3_M.pdf,497 MB,520955708
644514_4_M.pdf,2 MB,2034016
640974_2_M.pdf,38 MB,39417212
3294258_5_M.pdf,134 MB,140683244
3826227_5_M.pdf,77 MB,80246032
3538301_3_M.pdf,44 MB,45962953
1420062_5_M.pdf,198 MB,208105576
89207_4_M.pdf,2 MB,2599014
2867964_4_M.pdf,139 MB,145319001
4796713_3_M.pdf,90 MB,94156823
324719_5_M.pdf,31 MB,32885995
3531302_3_M.pdf,36 MB,37953857
3264404_3_M.pdf,82 MB,86218447
3870819_3_M.pdf,243 MB,255293091
5303524_1_M.pdf,16 MB,16573490
725819_4_M.pdf,72 MB,75994319
3270262_2_M.pdf,63 MB,65548073
1492573_3_M.pdf,21 MB,21874787
11730_8_M.pdf,45 MB,47611270
4723064_2_M.pdf,136 MB,142648955
4688678_1_M.pdf,291 MB,305191514
1477346_2_M.pdf,137 MB,143381428
2981809_4_M.pdf,50 MB,51992945
3886897_3_M.pdf,53 MB,56042129
596332_4_M.pdf,62 MB,64863164
2831396_5_M.pdf,116 MB,121589251
18789_4_M.pdf,137 MB,143714664
12560_15_M.pdf,144 MB,151513488
148502_3_M.pdf,71 MB,73926898
2895752_7_M.pdf,99 MB,103412678
4727315_1_M.pdf,99 MB,103468175
2841813_5_M.pdf,193 MB,201852842
1895632_4_M.pdf,153 MB,160732889
4146792_3_M.pdf,296 MB,309959280
647330_2_M.pdf,950 MB,996597886
559772_6_M.pdf,63 MB,66179661
597465_12_M.pdf,2 MB,1826470
4159871_3_M.pdf,40 MB,42404342
5343944_1_M.pdf,35 MB,37066284
613660_3_M.pdf,59 MB,62298494
557944_4_M.pdf,64 MB,67522689
4112133_3_M.pdf,84 MB,88412976
4795540_1_M.pdf,2 MB,2262209
1893957_4_M.pdf,1.95 GB,2099064492
5349841_2_M.pdf,85 MB,88863807
5317972_3_M.pdf,27 MB,28538114
1859782_4_M.pdf,75 MB,78335614
86608_4_M.pdf,366 MB,383832758
1494517_5_M.pdf,62 MB,64574337
4774388_1_M.pdf,182 MB,190433534
4456188_3_M.pdf,27 MB,28158058
4689738_1_M.pdf,19 MB,19574532
1814797_3_M.pdf,1.12 GB,1204151247
4497947_1_M.pdf,24 MB,24979472
1426327_3_M.pdf,159 MB,166982659
3625693_3_M.pdf,102 MB,107128863
4744870_1_M.pdf,50 MB,52055746
646706_5_M.pdf,149 MB,156626805
3231602_2_M.pdf,115 MB,120234882
4677982_4_M.pdf,187 MB,195794555
720387_6_M.pdf,348 MB,365375300
2830276_3_M.pdf,137 MB,143136438
725636_3_M.pdf,29 MB,29924078
4730868_4_M.pdf,212 MB,222118123
4482592_3_M.pdf,75 MB,79082769
720253_3_M.pdf,2 MB,1871894
2951524_2_M.pdf,254 MB,265861277
4722069_1_M.pdf,72 MB,75770959
4169677_1_M.pdf,816 KB,835139
4491535_1_M.pdf,36 MB,38033501
618984_2_M.pdf,533 KB,545670
3620204_2_M.pdf,31 MB,32184262
5381475_1_M.pdf,36 MB,37450027
2915973_6_M.pdf,356 MB,373548799
4403023_1_M.pdf,69 MB,72082868
4453123_2_M.pdf,66 MB,69133972
721672_2_M.pdf,3 MB,3283781
4726114_1_M.pdf,136 MB,142155302
726887_6_M.pdf,150 MB,157800797
1324611_5_M.pdf,415 MB,435276188
3548881_4_M.pdf,125 MB,131177800
4133869_2_M.pdf,48 MB,49848564
720745_3_M.pdf,2 MB,1597856
465818_8_M.pdf,111 MB,116382910
3573645_2_M.pdf,125 MB,131228471
3664946_2_M.pdf,251 MB,262963162
18110_2_M.pdf,49 MB,51714417
724900_5_M.pdf,122 MB,128048038
3691910_2_M.pdf,78 MB,81383107
786298_6_M.pdf,161 MB,168426797
1855676_2_M.pdf,103 MB,108395214
3682095_4_M.pdf,61 MB,64146819
4165430_2_M.pdf,41 MB,43275116
1813851_3_M.pdf,88 MB,91980568
4180156_3_M.pdf,348 MB,364886668
1858836_4_M.pdf,43 MB,44622370
2804544_2_M.pdf,26 MB,26773238
1491807_5_M.pdf,75 MB,78931853
15278_4_M.pdf,437 MB,458396793
727554_13_M.pdf,96 MB,100672833
1869967_5_M.pdf,115 MB,120459375
5522516_1_M.pdf,207 MB,217170372
3651999_3_M.pdf,148 MB,154951438
19332_9_M.pdf,580 MB,608109261
4132150_5_M.pdf,188 MB,196954953
1842584_4_M.pdf,2.35 GB,2521010842
643040_3_M.pdf,54 MB,56729793
559861_1_M.pdf,190 MB,199326514
3284844_2_M.pdf,104 MB,108651141
12119_6_M.pdf,56 MB,58270806
600675_4_M.pdf,100 MB,104889728
4463972_6_M.pdf,82 MB,86435325
4481283_1_M.pdf,17 MB,17998389
3229995_2_M.pdf,90 MB,94776431
645450_14_M.pdf,132 MB,138114109
5514760_1_M.pdf,49 MB,50953126
1441436_3_M.pdf,80 MB,84346633
4462810_3_M.pdf,102 MB,107094831
3628558_3_M.pdf,753 KB,770909
3669979_2_M.pdf,186 MB,194951261
776734_2_M.pdf,172 MB,179916458
4117295_6_M.pdf,213 MB,223343307
3897281_2_M.pdf,252 MB,264755859
4717057_3_M.pdf,92 MB,96357229
13061_7_M.pdf,109 MB,114336233
3650150_2_M.pdf,146 MB,152692172
2844383_8_M.pdf,151 MB,158340285
4710224_1_M.pdf,26 MB,26885902
4483312_1_M.pdf,31 MB,32954072
3581999_3_M.pdf,60 MB,62527566
3816449_2_M.pdf,163 MB,171337909
3647522_3_M.pdf,153 MB,160126411
4659777_1_M.pdf,97 MB,102115565
3692938_3_M.pdf,60 MB,63190252
2958178_2_M.pdf,167 MB,175324301
2988745_7_M.pdf,454 MB,476267702
3267085_2_M.pdf,60 MB,62638799
2941118_2_M.pdf,47 MB,48818390
2967281_8_M.pdf,300 MB,314553965
736441_3_M.pdf,61 MB,63992759
4745430_2_M.pdf,104 MB,108540639
1877557_10_M.pdf,107 MB,111852494
4426963_1_M.pdf,21 MB,22414894
4408438_2_M.pdf,43 MB,44670615
3580629_3_M.pdf,142 MB,149392938
1861029_2_M.pdf,177 MB,185542925
3289127_3_M.pdf,72 MB,75237063
731756_2_M.pdf,27 MB,28800376
5355096_1_M.pdf,24 MB,25031492
19819_4_M.pdf,77 MB,81187092
3299437_2_M.pdf,55 MB,57747200
3561472_2_M.pdf,47 MB,49548560
1806993_3_M.pdf,147 MB,154486172
80152_7_M.pdf,66 MB,68798869
3209782_2_M.pdf,34 MB,35877789
3843533_4_M.pdf,363 MB,381027789
4782193_2_M.pdf,347 MB,363458902
3298446_2_M.pdf,32 MB,33092343
610786_3_M.pdf,34 MB,35547529
4457917_4_M.pdf,214 MB,224354159
3648971_3_M.pdf,14 MB,14881625
1358966_7_M.pdf,71 MB,74597975
5509512_1_M.pdf,111 MB,116550359
184969_11_M.pdf,159 MB,166622972
5543294_1_M.pdf,887 MB,930588925
5337498_1_M.pdf,56 MB,58512752
644935_2_M.pdf,126 MB,132313395
737571_6_M.pdf,2 MB,1934339
2865585_2_M.pdf,113 MB,118250728
4461845_2_M.pdf,411 MB,431369448
640226_2_M.pdf,94 MB,98826896
5507794_1_M.pdf,73 MB,76577248
365327_9_M.pdf,88 MB,92630803
642624_3_M.pdf,2 MB,1964440
2944415_2_M.pdf,39 MB,41245741
5326743_1_M.pdf,102 MB,106689468
740788_2_M.pdf,21 MB,21693057
1316844_9_M.pdf,188 MB,197090653
5536836_1_M.pdf,64 MB,66588544
2870444_2_M.pdf,158 MB,165684426
644642_7_M.pdf,3 MB,3102678
2948022_2_M.pdf,149 MB,156528498
4664264_1_M.pdf,33 MB,34816139
4672768_2_M.pdf,24 MB,25596030
1498921_6_M.pdf,76 MB,79363677
12737_6_M.pdf,113 MB,118421307
606522_8_M.pdf,196 MB,205667681
5558340_1_M.pdf,74 MB,78051191
2997152_2_M.pdf,68 MB,70897144
4126353_1_M.pdf,22 MB,23196391
4486298_1_M.pdf,30 MB,31964609
1393627_5_M.pdf,97 MB,101882913
2976922_2_M.pdf,59 MB,62176292
605205_2_M.pdf,21 MB,22182628
3577891_2_M.pdf,166 MB,174262298
5320902_1_M.pdf,1.01 GB,1081262917
5305786_1_M.pdf,185 MB,194161361
4633060_1_M.pdf,30 MB,31969064
4451903_3_M.pdf,102 MB,107048748
3609460_3_M.pdf,105 MB,110601621
4615016_5_M.pdf,72 MB,75696872
5547815_2_M.pdf,66 MB,68811477
1355934_2_M.pdf,196 MB,205657365
4618021_1_M.pdf,36 MB,37913848
593908_5_M.pdf,19 MB,20272208
86087_1_M.pdf,30 MB,31527775
4629491_1_M.pdf,270 MB,283463618
4751041_1_M.pdf,82 MB,86448634
1875640_6_M.pdf,90 MB,94402351
4402830_2_M.pdf,110 MB,115533336
727749_5_M.pdf,5 MB,4927584
3550602_2_M.pdf,16 MB,16784643
1804866_8_M.pdf,110 MB,115389069
556902_2_M.pdf,12 MB,12229787
617731_9_M.pdf,85 MB,89094166
4602611_3_M.pdf,376 MB,394048119
2858009_2_M.pdf,55 MB,57795927
5519847_3_M.pdf,57 MB,59823762
5356798_1_M.pdf,38 MB,39702462
3523356_3_M.pdf,0 Byte,0
784998_4_M.pdf,198 MB,207705103
731188_3_M.pdf,96 MB,100445238
1850458_7_M.pdf,321 MB,336238360
1854651_4_M.pdf,91 MB,95215415
4693234_1_M.pdf,214 MB,224528533
1874016_4_M.pdf,504 MB,528432779
86761_1_M.pdf,34 MB,35459631
727408_11_M.pdf,115 MB,120604973
2961437_3_M.pdf,30 MB,31142708
776271_4_M.pdf,128 MB,133883592
557591_7_M.pdf,78 MB,81496226
15521_18_M.pdf,356 MB,373719343
4191306_4_M.pdf,37 MB,38701671
1387487_7_M.pdf,35 MB,36761145
1489616_5_M.pdf,122 MB,127955250
619400_8_M.pdf,226 MB,236600761
5504795_1_M.pdf,37 MB,38605518
4153291_3_M.pdf,61 MB,63934475
4691697_1_M.pdf,34 MB,35379780
3899331_2_M.pdf,96 MB,100710185
593362_5_M.pdf,7 MB,7146252
4714019_1_M.pdf,22 MB,22787340
3863681_3_M.pdf,85 MB,89637463
776060_3_M.pdf,108 MB,113319655
2822117_3_M.pdf,98 MB,103220296
1452936_3_M.pdf,276 MB,289384995
5503853_1_M.pdf,215 MB,225381316
601435_3_M.pdf,3 MB,2697141
1349292_5_M.pdf,114 MB,119401405
5396067_1_M.pdf,13 MB,13893503
3566374_4_M.pdf,137 MB,143482613
4741215_2_M.pdf,23 MB,23784535
845086_6_M.pdf,1 MB,1375933
2835596_4_M.pdf,111 MB,116445698
2913916_2_M.pdf,102 MB,106535542
4724982_2_M.pdf,109 MB,114255675
4666901_1_M.pdf,168 MB,176073094
5361561_1_M.pdf,434 MB,454609597
609407_8_M.pdf,230 MB,241434317
3806398_2_M.pdf,50 MB,52190026
1811761_7_M.pdf,218 MB,229072058
3643011_3_M.pdf,44 MB,46632941
647438_3_M.pdf,60 MB,62534413
800661_5_M.pdf,3 MB,2786237
19650_6_M.pdf,471 MB,493536992
1888651_5_M.pdf,3 MB,3063865
5333736_2_M.pdf,136 MB,142237179
18012_1_M.pdf,74 MB,77081384
2859237_2_M.pdf,61 MB,63566099
4419747_4_M.pdf,140 MB,146648319
4603399_2_M.pdf,65 MB,67877372
2983081_4_M.pdf,63 MB,65554774
640150_4_M.pdf,40 MB,41702612
1434581_5_M.pdf,65 MB,68638655
1391232_5_M.pdf,53 MB,55955214
3232745_5_M.pdf,102 MB,107399249
85491_2_M.pdf,108 MB,113341764
559509_3_M.pdf,295 MB,309782554
3815483_2_M.pdf,48 MB,50610363
5339024_2_M.pdf,165 MB,173131972
18885_3_M.pdf,713 MB,747662865
725781_8_M.pdf,68 MB,70864682
3557644_2_M.pdf,15 MB,15825822
616866_8_M.pdf,178 MB,187099336
3224202_6_M.pdf,272 MB,284897745
4174678_1_M.pdf,17 MB,17484508
1843429_6_M.pdf,185 MB,194026189
288534_3_M.pdf,5 MB,5149848
1370936_3_M.pdf,64 MB,67586804
1436169_5_M.pdf,438 MB,459027613
4747397_1_M.pdf,2 MB,1841783
602006_2_M.pdf,91 MB,95046804
734804_3_M.pdf,78 MB,81266041
728430_8_M.pdf,90 MB,94038668
2801075_3_M.pdf,166 MB,174465653
5383163_3_M.pdf,109 MB,114100980
5531532_1_M.pdf,523 MB,548167399
721735_3_M.pdf,60 MB,62893034
3551042_2_M.pdf,2 MB,2043471
4428607_2_M.pdf,49 MB,51580802
4608272_1_M.pdf,109 MB,114543106
81600_10_M.pdf,156 MB,163652466
19476_4_M.pdf,132 MB,138593376
2989754_7_M.pdf,215 MB,225219685
3556570_2_M.pdf,99 MB,103412888
3211323_4_M.pdf,120 MB,125646237
2940454_2_M.pdf,63 MB,65722000
1833419_7_M.pdf,410 MB,429975792
4678845_1_M.pdf,20 MB,21112308
4464554_2_M.pdf,2 MB,2213788
4427533_1_M.pdf,29 MB,30585135
3554787_6_M.pdf,344 MB,360522380
2971612_2_M.pdf,35 MB,36201873
1302087_9_M.pdf,260 MB,273103543
1835594_6_M.pdf,71 MB,74551143
3546150_5_M.pdf,335 MB,351086947
1419454_8_M.pdf,144 MB,150728054
649020_11_M.pdf,82 MB,86209551
16346_15_M.pdf,584 MB,612039753
3502630_2_M.pdf,195 MB,204050630
5542579_1_M.pdf,38 MB,39646224
188336_5_M.pdf,122 MB,128074014
4732286_1_M.pdf,93 MB,97072946
146698_10_M.pdf,307 MB,322325480
4662272_2_M.pdf,62 MB,65470041
2818671_2_M.pdf,150 MB,157642385
3814469_2_M.pdf,108 MB,112909545
2995773_4_M.pdf,121 MB,127214172
603821_4_M.pdf,26 MB,26828815
3214564_2_M.pdf,6 MB,5865092
4410789_2_M.pdf,119 MB,125286574
640634_10_M.pdf,137 MB,143175361
2966337_2_M.pdf,221 MB,231982203
3672682_3_M.pdf,107 MB,112325768
2939128_4_M.pdf,252 MB,264416425
1357842_4_M.pdf,16 MB,16284041
4684527_3_M.pdf,41 MB,43324275
4492587_2_M.pdf,41 MB,43133429
14744_4_M.pdf,872 MB,914569785
3541931_4_M.pdf,63 MB,66551105
785392_3_M.pdf,56 MB,58374281
4667451_1_M.pdf,209 MB,219436636
14991_3_M.pdf,41 MB,42988126
1353640_6_M.pdf,72 MB,75062611
4494884_1_M.pdf,60 MB,62844602
1852147_5_M.pdf,22 MB,22801534
4767553_1_M.pdf,20 MB,21320320
1831831_3_M.pdf,98 MB,102313684
2963677_3_M.pdf,82 MB,86379958
647799_6_M.pdf,110 MB,115863332
742618_4_M.pdf,93 MB,97526690
4412003_2_M.pdf,41 MB,42742205
553339_3_M.pdf,271 MB,284014762
1315086_6_M.pdf,196 MB,205059419
12296_6_M.pdf,97 MB,101224292
737880_3_M.pdf,114 MB,119407294
1336807_8_M.pdf,147 MB,154499090
608599_2_M.pdf,206 MB,216073207
592944_3_M.pdf,48 MB,50079320
11826_6_M.pdf,77 MB,80678055
4154062_9_M.pdf,127 MB,133134167
4468137_3_M.pdf,117 MB,122308929
1415474_5_M.pdf,81 MB,84669876
740974_4_M.pdf,39 MB,40789735
3565320_2_M.pdf,64 MB,67041366
4101169_3_M.pdf,177 MB,185455263
14377_7_M.pdf,112 MB,117553692
1385097_5_M.pdf,93 MB,97883450
1342151_2_M.pdf,23 MB,24454712
1374464_3_M.pdf,145 MB,152025341
3265146_6_M.pdf,150 MB,156951963
4425407_5_M.pdf,35 MB,36473641
594818_13_M.pdf,110 MB,115295538
4605381_1_M.pdf,66 MB,68748060
1892852_2_M.pdf,340 MB,356330162
4645588_3_M.pdf,108 MB,113712442
2977595_5_M.pdf,176 MB,184671716
3602303_4_M.pdf,54 MB,56933442
1325636_5_M.pdf,237 MB,248154770
1311404_8_M.pdf,221 MB,231376564
2836291_5_M.pdf,152 MB,159358217
617279_2_M.pdf,3 MB,2828054
15914_2_M.pdf,423 MB,443909602
3673940_3_M.pdf,35 MB,36412398
4148379_6_M.pdf,983 MB,1031213981
1863411_7_M.pdf,578 MB,605952459
3555283_8_M.pdf,177 MB,185211489
558937_3_M.pdf,353 MB,369839100
590244_4_M.pdf,978 KB,1001671
83651_7_M.pdf,47 MB,49587875
5541113_1_M.pdf,271 MB,283871509
3233999_3_M.pdf,165 MB,173307313
2849534_3_M.pdf,180 MB,189068656
5336079_1_M.pdf,70 MB,73425638
3218860_5_M.pdf,180 MB,188443542
1418105_3_M.pdf,633 MB,663667917
5395881_3_M.pdf,236 MB,246995006
3574328_2_M.pdf,17 MB,17971229
3608524_2_M.pdf,52 MB,54819842
2937941_3_M.pdf,121 MB,127217564
1486161_3_M.pdf,30 MB,31852414
1816773_5_M.pdf,106 MB,111320110
3568989_5_M.pdf,132 MB,137998021
89583_2_M.pdf,40 MB,41664065
4698761_6_M.pdf,54 MB,56885883
4108652_1_M.pdf,2 MB,2333960
1338627_3_M.pdf,177 MB,185308803
4185756_5_M.pdf,308 MB,322916618
4182609_3_M.pdf,708 MB,742475680
17706_2_M.pdf,19 MB,19575214
4179768_1_M.pdf,89 MB,93640616
4170229_5_M.pdf,180 MB,189141162
1871118_8_M.pdf,63 MB,66401195
284279_18_M.pdf,177 MB,185196271
725258_7_M.pdf,785 MB,823431624
2829460_6_M.pdf,123 MB,128588589
3836063_3_M.pdf,79 MB,82800283
3599583_6_M.pdf,208 MB,218129913
4755229_1_M.pdf,332 MB,347879857
741007_6_M.pdf,51 MB,53076599
5369525_1_M.pdf,126 MB,132001957
3801787_5_M.pdf,128 MB,134445361
2816924_10_M.pdf,116 MB,121588520
3257245_3_M.pdf,130 MB,135998414
4791545_4_M.pdf,372 MB,390590407
1856542_4_M.pdf,155 MB,162847784
4650518_1_M.pdf,126 MB,131892954
1307854_5_M.pdf,203 MB,212678906
645980_3_M.pdf,2 MB,2274067
603212_4_M.pdf,96 MB,100258926
5555879_1_M.pdf,430 MB,450490938
3584179_6_M.pdf,591 MB,619894402
3237689_2_M.pdf,36 MB,38195067
5346043_1_M.pdf,42 MB,44137504
3503914_3_M.pdf,48 MB,49914950
3295793_5_M.pdf,67 MB,70756857
3207839_3_M.pdf,104 MB,108537748
3657225_2_M.pdf,96 MB,100884973
85718_4_M.pdf,1 MB,1293591
4407424_2_M.pdf,44 MB,45811423
5324605_1_M.pdf,129 MB,135419198
5321766_1_M.pdf,33 MB,34719978
80647_5_M.pdf,994 KB,1017660
1372192_10_M.pdf,236 MB,247897811
5518972_1_M.pdf,108 MB,113669659
4145619_2_M.pdf,52 MB,54822815
5359761_4_M.pdf,106 MB,110722488
1823134_6_M.pdf,129 MB,135205508
1455714_3_M.pdf,131 MB,136890884
5554437_1_M.pdf,65 MB,67757555
3882637_5_M.pdf,237 MB,248139199
3660662_2_M.pdf,33 MB,34662913
1305194_9_M.pdf,141 MB,148157667
723410_4_M.pdf,51 MB,53984873
610890_8_M.pdf,56 MB,58307507
603456_3_M.pdf,463 KB,473733
619296_2_M.pdf,21 MB,22238234
3641693_3_M.pdf,40 MB,41891968
4171426_3_M.pdf,88 MB,92671748
1830158_6_M.pdf,68 MB,71079026
4626452_3_M.pdf,673 MB,705213806
5340948_1_M.pdf,238 MB,249674745
726928_7_M.pdf,536 MB,561554439
3807741_3_M.pdf,82 MB,85734884
4636669_1_M.pdf,14 MB,14158949
592878_7_M.pdf,110 MB,115253694
3564933_2_M.pdf,166 MB,174111387
647513_4_M.pdf,64 MB,67287138
741129_4_M.pdf,73 MB,76235592
2891864_8_M.pdf,96 MB,100597448
724742_12_M.pdf,183 MB,191922400
4430221_1_M.pdf,14 MB,14810553
3222257_4_M.pdf,147 MB,154353012
1479978_2_M.pdf,163 MB,171378142
4404031_2_M.pdf,153 MB,160055683
4648326_1_M.pdf,112 MB,117926293
1447435_8_M.pdf,50 MB,52166289
4147753_1_M.pdf,4 MB,3864913
2886677_2_M.pdf,35 MB,36918814
5316914_2_M.pdf,355 MB,371815543
1882978_5_M.pdf,644 MB,675314147
1322242_5_M.pdf,94 MB,99054705
3880605_2_M.pdf,65 MB,68271633
380555_3_M.pdf,116 MB,121241740
2863110_2_M.pdf,1 MB,1313253
4789597_2_M.pdf,408 MB,428337607
3655621_3_M.pdf,113 MB,118651094
742893_3_M.pdf,15 MB,15846225
2872662_3_M.pdf,47 MB,49758373
12868_9_M.pdf,111 MB,116368789
3876107_3_M.pdf,206 MB,215745587
2998956_5_M.pdf,108 MB,112961042
4110639_2_M.pdf,15 MB,15957632
605776_5_M.pdf,71 MB,74323115
649607_4_M.pdf,81 MB,84968934
181010_7_M.pdf,120 MB,125348230
784853_3_M.pdf,454 MB,475957301
642851_4_M.pdf,139 MB,145767838
83907_6_M.pdf,91 MB,95847412
13328_1_M.pdf,89 MB,93282306
2914028_2_M.pdf,69 MB,72423051
3887477_4_M.pdf,43 MB,45255637
2957916_2_M.pdf,1.24 GB,1331775656
81363_3_M.pdf,64 MB,67393304
1303722_11_M.pdf,131 MB,136861002
4487356_1_M.pdf,67 MB,69957823
4458361_2_M.pdf,91 MB,95528208
3504462_3_M.pdf,91 MB,95776464
2922628_2_M.pdf,66 MB,69051660
4121618_1_M.pdf,263 MB,275390651
1318334_2_M.pdf,51 MB,53660074
4715341_2_M.pdf,32 MB,33173707
2999054_2_M.pdf,98 MB,102240296
1493745_4_M.pdf,80 MB,83436140
186097_3_M.pdf,228 MB,238985719
1483236_3_M.pdf,2 MB,2060716
3683533_2_M.pdf,92 MB,96866367
611276_2_M.pdf,4 MB,4545705
723769_3_M.pdf,123 MB,129294173
5312806_1_M.pdf,30 MB,31607807
3837216_2_M.pdf,54 MB,57009156
3684873_2_M.pdf,71 MB,74537043
2896567_7_M.pdf,204 MB,213437414
4485326_2_M.pdf,67 MB,70029134
643409_2_M.pdf,97 MB,102219431
4163634_3_M.pdf,105 MB,110438154
3589314_5_M.pdf,65 MB,68065468
2907911_3_M.pdf,3 MB,3658886
5520193_1_M.pdf,117 MB,122262141
5353144_1_M.pdf,66 MB,69629847
737461_5_M.pdf,141 MB,147912077
4719521_1_M.pdf,38 MB,39978237
3206838_5_M.pdf,54 MB,56679940
4136267_8_M.pdf,1.02 GB,1090603123
4790200_1_M.pdf,82 MB,86196177
645267_5_M.pdf,77 MB,80315381
5512771_1_M.pdf,687 MB,720196894
1884767_6_M.pdf,32 MB,33051067
4703805_5_M.pdf,90 MB,94109836
13686_4_M.pdf,242 MB,254188571
2969176_3_M.pdf,72 MB,75933259
1414020_6_M.pdf,113 MB,118405425
3659381_3_M.pdf,42 MB,44211059
3818504_3_M.pdf,84 MB,88023417
4695957_1_M.pdf,63 MB,66430233
2805435_2_M.pdf,268 MB,281274705
618411_5_M.pdf,38 MB,39805823
3277075_4_M.pdf,108 MB,113524630
4692262_1_M.pdf,140 MB,146345702
2880767_8_M.pdf,84 MB,88110699
4734130_1_M.pdf,56 MB,58250588
3509674_4_M.pdf,219 MB,229804084
2917055_2_M.pdf,34 MB,35335778
2861710_4_M.pdf,34 MB,35853118
5390812_3_M.pdf,41 MB,43025114
735393_6_M.pdf,90 MB,94322262
88957_4_M.pdf,98 MB,102364769
4435146_2_M.pdf,73 MB,76185628
2853725_4_M.pdf,134 MB,140937751
4773642_2_M.pdf,95 MB,100034773
3579476_5_M.pdf,173 MB,181817129
3617355_2_M.pdf,127 MB,133404723
3235669_2_M.pdf,38 MB,39631672
5397031_1_M.pdf,121 MB,126995023
5375169_1_M.pdf,129 MB,135322805
2945578_5_M.pdf,89 MB,93302130
738981_6_M.pdf,129 MB,135001407
1312166_3_M.pdf,122 MB,128173274
4422192_5_M.pdf,466 MB,488388174
18990_1_M.pdf,285 MB,299163709
2974601_2_M.pdf,100 MB,104868104
5505007_2_M.pdf,40 MB,41806619
2912188_3_M.pdf,97 MB,101878762
3282374_3_M.pdf,81 MB,84908605
3845828_2_M.pdf,473 MB,496032182
4651369_2_M.pdf,149 MB,155798176
5360186_2_M.pdf,239 MB,250179845
14677_10_M.pdf,166 MB,174463230
4111177_3_M.pdf,123 MB,128550019
1321397_7_M.pdf,107 MB,112484102
85059_1_M.pdf,119 MB,124623458
84748_13_M.pdf,51 MB,53562360
594204_5_M.pdf,69 MB,72462111
1460883_10_M.pdf,368 MB,385966933
3290040_3_M.pdf,88 MB,91910663
3610730_2_M.pdf,35 MB,36222835
4432497_2_M.pdf,59 MB,61734637
2918347_4_M.pdf,46 MB,48238287
3842152_2_M.pdf,198 MB,207772304
3588251_3_M.pdf,243 MB,254564260
609278_1_M.pdf,300 MB,314111270
3891837_4_M.pdf,142 MB,149400083
1408676_6_M.pdf,55 MB,57977354
1459188_2_M.pdf,280 MB,293384504
4619102_5_M.pdf,272 MB,285253351
3624334_2_M.pdf,275 MB,288735679
734042_9_M.pdf,7 MB,6987779
5539463_1_M.pdf,54 MB,56417240
733091_2_M.pdf,116 MB,121320300
3512025_4_M.pdf,124 MB,129655038
734583_2_M.pdf,73 MB,76827262
2807453_4_M.pdf,87 MB,91528266
4125390_2_M.pdf,121 MB,127064787
81957_7_M.pdf,166 MB,174462087
2852160_7_M.pdf,103 MB,108524122
608806_4_M.pdf,101 MB,106068499
3674748_3_M.pdf,184 MB,193247641
1403037_4_M.pdf,120 MB,125783337
4640962_1_M.pdf,117 MB,122801157
180856_24_M.pdf,235 MB,246371680
1401158_8_M.pdf,79 MB,82512832
649829_3_M.pdf,74 MB,77320699
81760_3_M.pdf,27 MB,28294917
558797_7_M.pdf,82 MB,85983261
85126_2_M.pdf,72 MB,75525399
4766367_1_M.pdf,167 MB,174724630
4439917_1_M.pdf,31 MB,32639150
2955927_4_M.pdf,88 MB,92562809
2938568_3_M.pdf,67 MB,70770979
4707829_1_M.pdf,19 MB,19813090
2813030_4_M.pdf,114 MB,119700955
15401_5_M.pdf,38 MB,39827584
5525627_1_M.pdf,21 MB,21533440
3601582_2_M.pdf,92 MB,96060099
5391182_1_M.pdf,13 MB,13211408
4189753_3_M.pdf,81 MB,85242638
2928724_3_M.pdf,152 MB,159114901
3250685_2_M.pdf,150 MB,157405997
594586_8_M.pdf,95 MB,99650183
731548_4_M.pdf,123 MB,128704352
3893036_2_M.pdf,111 MB,116589280
3687580_3_M.pdf,89 MB,92974252
4429450_2_M.pdf,26 MB,27762176
4623139_3_M.pdf,250 MB,261679857
3552491_9_M.pdf,402 MB,421137797
4754693_1_M.pdf,119 MB,124775350
17652_1_M.pdf,198 MB,208001788
5354070_3_M.pdf,86 MB,89805558
3813599_2_M.pdf,79 MB,83255266
1461491_4_M.pdf,3 MB,2632635
2973699_2_M.pdf,635 KB,649762
14264_8_M.pdf,65 MB,67992410
3524902_3_M.pdf,73 MB,76025314
1899873_2_M.pdf,7 MB,7205690
4183040_2_M.pdf,55 MB,57391213
595762_6_M.pdf,38 MB,39360194
1440346_2_M.pdf,3 MB,2818014
11991_6_M.pdf,159 MB,166747776
11453_9_M.pdf,190 MB,198987591
3627582_9_M.pdf,386 MB,404771146
2876915_7_M.pdf,202 MB,212046037
4750697_1_M.pdf,46 MB,47793370
4417514_2_M.pdf,81 MB,85455226
327328_2_M.pdf,62 MB,64636937
4628001_2_M.pdf,63 MB,66280536
1897854_7_M.pdf,67 MB,70638150
614670_2_M.pdf,1 MB,1454845
600844_2_M.pdf,81 MB,84814528
5377489_1_M.pdf,32 MB,33380056
599410_5_M.pdf,67 MB,69868738
4473644_3_M.pdf,96 MB,100466826
2979737_2_M.pdf,155 MB,162582804
1487204_7_M.pdf,146 MB,153069851
5378585_3_M.pdf,85 MB,88752920
4649788_2_M.pdf,219 MB,229927006
618350_16_M.pdf,189 MB,198670128
1343827_5_M.pdf,5 MB,5170554
4725664_2_M.pdf,19 MB,19985150
976907_5_M.pdf,1 MB,1108206
3645167_7_M.pdf,44 MB,46226779
4737604_3_M.pdf,128 MB,134589176
89046_7_M.pdf,71 MB,74010959
640476_1_M.pdf,43 MB,45533080
3873033_3_M.pdf,54 MB,57039270
727942_15_M.pdf,204 MB,213542217
18563_6_M.pdf,109 MB,114281805
87636_5_M.pdf,381 MB,399254322
1457061_8_M.pdf,119 MB,124426846
4799674_1_M.pdf,216 MB,226483845
4762733_2_M.pdf,43 MB,45181076
3898331_3_M.pdf,503 MB,527861048
5331569_1_M.pdf,41 MB,42857840
80513_10_M.pdf,129 MB,135612795
4740727_1_M.pdf,103 MB,107602667
5556733_1_M.pdf,25 MB,26718743
735193_7_M.pdf,152 MB,159066191
4129508_3_M.pdf,128 MB,133725969
1333708_3_M.pdf,134 MB,140365773
5523769_2_M.pdf,57 MB,59422385
2933411_4_M.pdf,218 MB,228995219
3210596_4_M.pdf,95 MB,99689174
1454133_7_M.pdf,267 MB,279583392
864464_3_M.pdf,117 MB,122874046
3272006_5_M.pdf,169 MB,177679457
1375430_6_M.pdf,105 MB,110101416
12476_14_M.pdf,148 MB,155106528
4759520_1_M.pdf,430 MB,451067393
3576282_3_M.pdf,20 MB,20861728
88231_5_M.pdf,8 MB,8773781
596440_2_M.pdf,21 MB,22333466
84985_4_M.pdf,18 MB,18475573
1435417_3_M.pdf,46 MB,48219440
2888848_2_M.pdf,153 MB,160850105
1474091_4_M.pdf,3.48 GB,3734098263
1363894_5_M.pdf,420 MB,440544487
722383_14_M.pdf,122 MB,128105277
13722_2_M.pdf,121 MB,126474392
4143342_3_M.pdf,75 MB,78443532
3205745_2_M.pdf,35 MB,36825902
3293220_3_M.pdf,75 MB,79127403
3890628_4_M.pdf,170 MB,178246214
4166135_5_M.pdf,144 MB,150765530
5551125_1_M.pdf,374 MB,392149560
3549107_2_M.pdf,92 MB,96356472
4788174_2_M.pdf,89 MB,93455679
4622994_3_M.pdf,81 MB,84961016
4142240_3_M.pdf,114 MB,119428114
5382632_1_M.pdf,41 MB,43159958
4418059_4_M.pdf,101 MB,105392288
3567017_2_M.pdf,110 MB,115179697
723039_2_M.pdf,4 MB,4275975
1478213_2_M.pdf,49 MB,51406840
3242700_3_M.pdf,76 MB,79486869
3830307_2_M.pdf,104 MB,108737908
1870099_8_M.pdf,120 MB,125390528
649216_2_M.pdf,1 MB,1469554
2873700_4_M.pdf,361 MB,378062461
4642899_1_M.pdf,62 MB,65254783
2840281_3_M.pdf,60 MB,63361256
3631838_3_M.pdf,52 MB,54276755
2832395_4_M.pdf,77 MB,80900862
4198801_1_M.pdf,103 MB,108368214
4172963_2_M.pdf,108 MB,112884567
724101_2_M.pdf,191 MB,200124910
641187_5_M.pdf,61 MB,63934829
5393194_1_M.pdf,99 MB,104171727
1807058_3_M.pdf,760 MB,796815951
844186_15_M.pdf,66 MB,69602295
728500_3_M.pdf,10 MB,11000931
3594164_4_M.pdf,102 MB,106976669
3834301_3_M.pdf,168 MB,176588820
4701266_1_M.pdf,58 MB,60954521
721078_3_M.pdf,5 MB,5747747
1346404_3_M.pdf,164 MB,172133331
3563986_4_M.pdf,242 MB,254094299
2927459_9_M.pdf,63 MB,66261538
366856_4_M.pdf,114 MB,119516327
2826260_5_M.pdf,197 MB,206063724
4106506_4_M.pdf,282 MB,296082619
734489_3_M.pdf,37 MB,38547367
2924631_3_M.pdf,167 MB,174649478
1481713_2_M.pdf,39 MB,41303545
608904_5_M.pdf,89 MB,93225945
4663848_3_M.pdf,67 MB,70392689
4460140_2_M.pdf,169 MB,177502952
4140281_2_M.pdf,181 MB,189989852
2814081_3_M.pdf,22 MB,22678973
3690744_2_M.pdf,63 MB,66474263
5368215_1_M.pdf,76 MB,79401152
1319350_2_M.pdf,31 MB,32593598
726752_3_M.pdf,146 MB,152910726
1384071_2_M.pdf,387 MB,405766630
4423949_3_M.pdf,76 MB,79874174
2810863_3_M.pdf,171 MB,179198197
3296086_2_M.pdf,171 MB,178817714
721896_4_M.pdf,428 MB,448654554
3636455_4_M.pdf,74 MB,77437069
18698_5_M.pdf,181 MB,190121513
87578_2_M.pdf,812 MB,850986447
729081_13_M.pdf,449 MB,470592467
5308811_1_M.pdf,138 MB,144498133
737220_12_M.pdf,177 MB,185211384
3570437_5_M.pdf,254 MB,266313392
845442_7_M.pdf,127 MB,133346349
4607913_5_M.pdf,214 MB,224376590
2825370_2_M.pdf,116 MB,121838853
13466_9_M.pdf,395 MB,414341822
4683578_2_M.pdf,46 MB,48570553
5348565_1_M.pdf,27 MB,28613863
642113_2_M.pdf,27 MB,28090883
5538726_1_M.pdf,87 MB,91093852
3520855_2_M.pdf,44 MB,46100320
13523_2_M.pdf,212 MB,221927022
1379299_3_M.pdf,42 MB,44396641
614541_2_M.pdf,285 MB,298608216
3544408_3_M.pdf,120 MB,125879322
4733682_1_M.pdf,61 MB,63793268
3506238_2_M.pdf,64 MB,67251523
4104335_1_M.pdf,3 MB,2745949
594657_3_M.pdf,66 MB,69337467
4118019_5_M.pdf,133 MB,139694756
4195872_1_M.pdf,27 MB,28588419
597360_6_M.pdf,70 MB,73323788
4673310_1_M.pdf,127 MB,132801165
1467338_3_M.pdf,30 MB,31592054
5502906_1_M.pdf,189 MB,197799252
4436140_4_M.pdf,225 MB,235564704
4687792_1_M.pdf,27 MB,28499591
1329172_5_M.pdf,92 MB,96607847
4775388_4_M.pdf,67 MB,69815491
3530417_5_M.pdf,158 MB,165801400
2864761_2_M.pdf,59 MB,61476056
1351224_3_M.pdf,147 MB,154444621
3681601_5_M.pdf,117 MB,123111251
598876_5_M.pdf,150 MB,157055002
2837814_2_M.pdf,50 MB,52115811
86508_6_M.pdf,46 MB,48230258
2845100_2_M.pdf,27 MB,28765829
1411138_10_M.pdf,161 MB,168829658
82936_4_M.pdf,2 MB,1710055
86468_1_M.pdf,124 MB,130481739
4631309_2_M.pdf,77 MB,80919514
1397921_2_M.pdf,148 MB,155371339
5545431_1_M.pdf,83 MB,86680898
1463431_4_M.pdf,108 MB,113730275
5351948_1_M.pdf,150 MB,156881902
17392_17_M.pdf,282 MB,296026984
16115_11_M.pdf,212 MB,222293900
598366_6_M.pdf,1 MB,1056943
5388030_2_M.pdf,112 MB,117862765
598238_6_M.pdf,72 MB,75682788
3839227_2_M.pdf,101 MB,106183972
729995_4_M.pdf,270 MB,283220227
1430089_6_M.pdf,108 MB,113028704
5325002_2_M.pdf,500 MB,524705894
2869623_3_M.pdf,69 MB,72181996
3671189_4_M.pdf,232 MB,243243617
4137949_4_M.pdf,126 MB,132305901
1376485_12_M.pdf,472 MB,495433976
2926015_8_M.pdf,144 MB,150617756
729692_3_M.pdf,53 MB,55362716
3513344_3_M.pdf,59 MB,61691107
721311_3_M.pdf,417 MB,436938039
1331685_7_M.pdf,644 MB,675749457
1309321_12_M.pdf,84 MB,88090389
3542364_3_M.pdf,55 MB,57443623
3699504_2_M.pdf,36 MB,37781868
4699619_1_M.pdf,1.01 GB,1085905356
2904283_4_M.pdf,33 MB,34663332
4772061_2_M.pdf,76 MB,79406027
1413330_7_M.pdf,148 MB,155083465
557257_4_M.pdf,114 MB,119698131
2811128_3_M.pdf,74 MB,77173269
83087_1_M.pdf,95 MB,99676260
4122454_1_M.pdf,3 MB,3653684
3204467_3_M.pdf,1 MB,1205883
3223918_3_M.pdf,67 MB,69764956
741262_5_M.pdf,760 KB,778111
1399092_7_M.pdf,6 MB,6168159
643236_2_M.pdf,936 KB,958176
3286017_2_M.pdf,2 MB,1969786
4778285_1_M.pdf,115 MB,120796937
87120_4_M.pdf,60 MB,62394227
601067_5_M.pdf,105 MB,110111828
5366264_1_M.pdf,188 MB,197592778
4192784_2_M.pdf,155 MB,162398545
601121_2_M.pdf,269 MB,281924564
1373879_3_M.pdf,137 MB,143685211
1328225_7_M.pdf,18 MB,19109282
3225435_4_M.pdf,182 MB,191138219
646156_17_M.pdf,1.15 GB,1234694024
725593_3_M.pdf,548 MB,574766130
1836939_6_M.pdf,688 MB,721106812
4470542_1_M.pdf,99 MB,103589900
606782_3_M.pdf,95 MB,99700674
731667_6_M.pdf,270 MB,282750701
288122_9_M.pdf,106 MB,111467013
4420034_3_M.pdf,38 MB,39772807
4490275_6_M.pdf,313 MB,327749175
3274390_4_M.pdf,148 MB,155515051
741379_6_M.pdf,240 MB,251704435
1394321_6_M.pdf,103 MB,108522685
3596605_2_M.pdf,46 MB,47966058
4797051_3_M.pdf,443 MB,464026422
5380069_1_M.pdf,1.08 GB,1157131742
4665381_1_M.pdf,14 MB,15016654
17047_2_M.pdf,34 MB,35261240
1827444_6_M.pdf,128 MB,133762392
4199791_2_M.pdf,50 MB,52682178
4131583_3_M.pdf,39 MB,40562455
3855154_3_M.pdf,57 MB,59843685
3875839_3_M.pdf,173 MB,181592787
5544310_1_M.pdf,0 Byte,0
141628_11_M.pdf,81 MB,84925624
4102654_1_M.pdf,3 MB,3349648
3676491_2_M.pdf,35 MB,36623172
86992_3_M.pdf,285 MB,299305741
1443209_5_M.pdf,627 MB,657881787
600545_5_M.pdf,56 MB,58979003
3208828_2_M.pdf,53 MB,55515912
1360383_12_M.pdf,55 MB,57579481
4657786_2_M.pdf,547 MB,573718654
1423542_4_M.pdf,71 MB,74568096
19253_9_M.pdf,124 MB,130365783
600107_4_M.pdf,189 MB,197735823
739647_8_M.pdf,305 MB,319312775
2893414_4_M.pdf,59 MB,62292472
1320344_3_M.pdf,53 MB,55274494
595306_3_M.pdf,600 KB,614840
3529961_2_M.pdf,51 MB,53274706
4785950_1_M.pdf,16 MB,17026084
594192_10_M.pdf,86 MB,90349813
3857292_2_M.pdf,666 MB,698601297
4498999_3_M.pdf,124 MB,129695882
1407196_3_M.pdf,18 MB,18656139
4477002_1_M.pdf,82 MB,85627689
3587299_6_M.pdf,175 MB,183599831
4175073_1_M.pdf,6 MB,6037255
4614985_1_M.pdf,6 MB,6276286
5511651_1_M.pdf,45 MB,47628013
2846570_4_M.pdf,50 MB,52568374
1380229_11_M.pdf,122 MB,127529635
189147_4_M.pdf,72 MB,75426698
742467_9_M.pdf,86 MB,90215970
10901_4_M.pdf,77 MB,80727812
732598_13_M.pdf,35 MB,36485236
5524695_1_M.pdf,252 MB,263992209
5328016_3_M.pdf,1.47 GB,1577422588
1323556_10_M.pdf,269 MB,282133326
4674481_1_M.pdf,44 MB,46480379
19570_4_M.pdf,145 MB,151616198
1453128_7_M.pdf,76 MB,79990860
4718618_1_M.pdf,45 MB,47018522
1834786_3_M.pdf,1.15 GB,1238389680
10540_12_M.pdf,291 MB,305622886
1851447_3_M.pdf,105 MB,109754859
2975573_3_M.pdf,67 MB,70416730
3562174_2_M.pdf,66 MB,68951842
4690537_1_M.pdf,113 MB,118674510
1417876_3_M.pdf,519 MB,544608818
2925788_2_M.pdf,19 MB,20342453
3532129_3_M.pdf,766 MB,802835517
608682_9_M.pdf,299 MB,313710467
84657_8_M.pdf,66 MB,68689337
3853282_3_M.pdf,83 MB,86794221
1469741_3_M.pdf,27 MB,27945069
3686780_2_M.pdf,16 MB,16445715
603391_3_M.pdf,64 MB,67588745
3280963_3_M.pdf,46 MB,48015833
559930_3_M.pdf,90 MB,94318681
4441037_1_M.pdf,219 MB,230026940
3626162_3_M.pdf,145 MB,152439316
1348487_4_M.pdf,61 MB,63984388
82307_10_M.pdf,170 MB,178043023
593708_2_M.pdf,505 MB,529874470
2882465_3_M.pdf,7 MB,6927555
1839846_3_M.pdf,309 KB,316267
739005_2_M.pdf,53 MB,55880714
3866758_4_M.pdf,61 MB,63759356
5560134_1_M.pdf,79 MB,82805685
4679107_1_M.pdf,10 MB,10451554
4646118_1_M.pdf,27 MB,28635628
1445441_8_M.pdf,59 MB,61447755
3894049_2_M.pdf,72 MB,75935721
739110_3_M.pdf,51 MB,53352821
593076_6_M.pdf,865 MB,907113516
4440769_1_M.pdf,25 MB,25751887
4194878_2_M.pdf,749 MB,785162535
2993473_3_M.pdf,42 MB,44282247
2899527_5_M.pdf,120 MB,125861016
3817919_2_M.pdf,303 MB,317295181
5389439_1_M.pdf,30 MB,31858625
4190141_3_M.pdf,117 MB,122508646
1446724_7_M.pdf,98 MB,102404355
4124532_3_M.pdf,83 MB,87162883
3895194_2_M.pdf,589 MB,618117222
5329554_1_M.pdf,46 MB,48171212
4115061_1_M.pdf,791 KB,810485
845371_11_M.pdf,119 MB,124642674
732100_4_M.pdf,170 MB,178216916
5306112_2_M.pdf,217 MB,227252266
733915_7_M.pdf,302 MB,317045438
649445_2_M.pdf,360 MB,377841911
2879896_4_M.pdf,269 MB,282526424
844772_3_M.pdf,217 MB,227106626
2911548_5_M.pdf,176 MB,184842861
5330304_3_M.pdf,241 MB,252339454
3255465_4_M.pdf,106 MB,111282668
734723_7_M.pdf,91 MB,95628677
1365682_3_M.pdf,31 MB,32479502
1335503_17_M.pdf,251 MB,263065693
3291763_3_M.pdf,412 MB,431760502
10731_19_M.pdf,147 MB,154209739
17923_1_M.pdf,77 MB,80690463
4164615_5_M.pdf,82 MB,86381955
844505_4_M.pdf,683 KB,699712
5371802_1_M.pdf,26 MB,27610131
4162535_3_M.pdf,74 MB,77674912
5549506_1_M.pdf,458 MB,480192077
4702141_5_M.pdf,215 MB,225030440
3590876_2_M.pdf,116 MB,121127208
607155_4_M.pdf,41 MB,43131639
3877760_4_M.pdf,198 MB,207465320
1431662_3_M.pdf,124 MB,130489647
2855794_5_M.pdf,122 MB,128139775
776651_2_M.pdf,42 MB,44486345
5559823_1_M.pdf,1.0 GB,1077625293
729104_7_M.pdf,51 MB,53530718
595461_4_M.pdf,5 MB,4895644
4433778_2_M.pdf,69 MB,72188794
2802871_3_M.pdf,326 MB,342245791
2962889_5_M.pdf,207 MB,216824262
607879_8_M.pdf,1 MB,1218282
3221183_2_M.pdf,97 MB,101205727
5342128_2_M.pdf,205 MB,215214392
4116742_2_M.pdf,266 MB,279234391
16980_3_M.pdf,431 MB,451621222
182941_3_M.pdf,50 MB,52276201
4178633_2_M.pdf,34 MB,35741206
5528140_2_M.pdf,44 MB,46000270
4447432_2_M.pdf,138 MB,144843502
5540739_1_M.pdf,89 MB,93295236
87811_5_M.pdf,536 KB,548570
594788_3_M.pdf,85 MB,89274692
642981_6_M.pdf,98 MB,103210809
3216159_4_M.pdf,35 MB,37210919
3615769_2_M.pdf,40 MB,41630653
2932229_2_M.pdf,63 MB,65916163
80879_4_M.pdf,222 MB,232984996
3527273_6_M.pdf,84 MB,87819201
1390547_8_M.pdf,106 MB,111105905
85540_8_M.pdf,127 MB,132835396
3828651_3_M.pdf,25 MB,26400365
4611832_1_M.pdf,60 MB,62457872
5338139_3_M.pdf,112 MB,117088072
724682_2_M.pdf,65 MB,68139150
556128_3_M.pdf,101 MB,106180075
5530514_1_M.pdf,214 MB,224160346
3271285_3_M.pdf,281 MB,294887793
4186026_2_M.pdf,28 MB,29620536
1310081_6_M.pdf,112 MB,117708941
1369862_7_M.pdf,68 MB,71791332
2894548_2_M.pdf,38 MB,39322438
5370188_1_M.pdf,46 MB,48692793
3560790_2_M.pdf,123 MB,128951647
1825733_3_M.pdf,122 MB,127425955
735291_9_M.pdf,105 MB,110145930
1429252_6_M.pdf,59 MB,62213253
3252989_2_M.pdf,2 MB,1695467
724391_3_M.pdf,22 MB,22651022
4617747_2_M.pdf,110 MB,115695752
559449_6_M.pdf,4 MB,4061626
1471567_3_M.pdf,58 MB,60432633
648961_2_M.pdf,100 MB,105059477
2916173_2_M.pdf,190 MB,199261990
14553_10_M.pdf,64 MB,67349881
3537740_3_M.pdf,137 MB,143452246
5314518_1_M.pdf,32 MB,33449268
15648_4_M.pdf,100 MB,105126634
3613840_2_M.pdf,40 MB,42186610
601561_6_M.pdf,274 MB,286980780
12949_4_M.pdf,105 MB,109864969
844287_4_M.pdf,431 MB,452197573
4437690_1_M.pdf,59 MB,61587773
642783_6_M.pdf,75 MB,78269976
182111_4_M.pdf,57 MB,60245481
738218_3_M.pdf,66 MB,69193304
4770649_1_M.pdf,79 MB,82541182
3201546_6_M.pdf,66 MB,69648784
11147_5_M.pdf,297 MB,311268344
3862277_2_M.pdf,146 MB,153611793
3287443_5_M.pdf,54 MB,56211467
2965696_4_M.pdf,55 MB,57658856
4479489_2_M.pdf,1 MB,1498849
5535258_1_M.pdf,0 Byte,0
2929931_3_M.pdf,103 MB,107977512
3865147_2_M.pdf,102 MB,107178169
4499724_1_M.pdf,59 MB,62156358
615555_8_M.pdf,184 MB,192808009
1421850_5_M.pdf,39 MB,40885225
644125_2_M.pdf,12 MB,13043901
2808132_2_M.pdf,39 MB,41315016
598947_7_M.pdf,467 MB,490120487
83125_12_M.pdf,383 MB,401664962
5372570_2_M.pdf,57 MB,60194619
4728642_1_M.pdf,47 MB,49711543
590509_4_M.pdf,239 MB,250976346
4446091_3_M.pdf,376 MB,394364115
4644885_2_M.pdf,270 MB,282982350
10415_7_M.pdf,45 MB,47409892
602402_3_M.pdf,87 MB,91421128
4488994_1_M.pdf,87 MB,91675692
5517751_1_M.pdf,53 MB,55585083
3507941_4_M.pdf,72 MB,75419704
3666732_3_M.pdf,242 MB,253687960
4448093_2_M.pdf,37 MB,38649890
3888609_2_M.pdf,145 MB,151697515
2828877_7_M.pdf,463 MB,485483194
734127_6_M.pdf,113 MB,118591877
2908261_8_M.pdf,134 MB,140850370
5357988_1_M.pdf,149 MB,156266422
723275_4_M.pdf,1.9 GB,2040898168
2943709_2_M.pdf,74 MB,77490628
4709037_1_M.pdf,43 MB,45355182
5322387_1_M.pdf,26 MB,27197882
11375_2_M.pdf,552 MB,579196545
3696530_2_M.pdf,101 MB,105506841
3575573_13_M.pdf,736 MB,771686916
1448411_11_M.pdf,145 MB,152552539
4685965_4_M.pdf,71 MB,74373518
15328_2_M.pdf,281 MB,295069930
3612860_4_M.pdf,63 MB,66353532
1377711_6_M.pdf,72 MB,75208801
5352483_1_M.pdf,212 MB,222549624
738377_3_M.pdf,758 MB,794755889
1496997_3_M.pdf,118 MB,123899447
590894_3_M.pdf,110 MB,115057622
606232_4_M.pdf,78 MB,82121097
14190_5_M.pdf,223 MB,233706424
2898130_2_M.pdf,282 MB,295658072
3607117_4_M.pdf,196 MB,205575679
642313_7_M.pdf,99 MB,103469008
3230283_3_M.pdf,251 MB,263097411
3632942_4_M.pdf,151 MB,158211898
644263_8_M.pdf,210 MB,219965578
2930984_3_M.pdf,66 MB,69663857
723300_5_M.pdf,75 MB,78983185
1341252_10_M.pdf,176 MB,184204682
5301023_1_M.pdf,64 MB,67326533
734309_5_M.pdf,50 MB,52316037
2890514_7_M.pdf,339 MB,355396696
641077_3_M.pdf,217 MB,227265330
3203451_2_M.pdf,5 MB,4868942
4680592_3_M.pdf,466 MB,488842890
648845_5_M.pdf,62 MB,65071416
4735610_3_M.pdf,116 MB,121185244
1304385_10_M.pdf,86 MB,89968189
741413_2_M.pdf,673 MB,705323812
737791_6_M.pdf,62 MB,65004657
4753834_2_M.pdf,94 MB,98940503
3514271_2_M.pdf,76 MB,79445466
4787892_1_M.pdf,25 MB,26731064
3649583_4_M.pdf,68 MB,71630545
1437748_6_M.pdf,63 MB,65998381
733254_4_M.pdf,45 MB,46936219
722488_5_M.pdf,51 MB,53247200
1442979_4_M.pdf,30 MB,31225868
143360_2_M.pdf,82 MB,85897026
4141418_3_M.pdf,178 MB,186237685
3844117_2_M.pdf,70 MB,73336255
4671847_6_M.pdf,67 MB,69994354
742589_3_M.pdf,213 MB,222824650
3261921_3_M.pdf,100 MB,104830783
4776394_1_M.pdf,66 MB,69576535
4187258_2_M.pdf,163 MB,170827070
606467_8_M.pdf,427 MB,447309115
82239_11_M.pdf,743 MB,779164299
3604391_3_M.pdf,132 MB,138228056
2978188_4_M.pdf,60 MB,62398253
2815957_7_M.pdf,129 MB,135737447
613080_4_M.pdf,19 MB,20330974
4731345_1_M.pdf,278 MB,291387623
3812698_2_M.pdf,31 MB,32015491
4712281_2_M.pdf,32 MB,33161723
2987701_2_M.pdf,107 MB,112338943
618070_3_M.pdf,3 MB,3560721
85628_2_M.pdf,160 MB,167864105
5345575_1_M.pdf,231 MB,241953515
3249621_4_M.pdf,87 MB,90883909
2883865_3_M.pdf,352 MB,369283582
4149349_4_M.pdf,79 MB,82508929
594935_4_M.pdf,120 MB,125990926
10185_4_M.pdf,36 MB,38186851
1472891_13_M.pdf,123 MB,128675385
4630208_1_M.pdf,71 MB,74940389
557614_3_M.pdf,5 MB,5094798
2884400_2_M.pdf,47 MB,49033497
4697255_1_M.pdf,17 MB,17940644
1337689_3_M.pdf,90 MB,93959190
4757188_2_M.pdf,36 MB,37489085
86280_5_M.pdf,3 MB,3610667
4442933_2_M.pdf,125 MB,130553770
4474369_1_M.pdf,20 MB,20889537
614199_4_M.pdf,838 KB,858054
1381158_3_M.pdf,43 MB,44747428
4711366_1_M.pdf,88 MB,92328036
5399685_1_M.pdf,48 MB,50781700
647630_3_M.pdf,161 MB,168772555
4449597_1_M.pdf,76 MB,79262132
83890_6_M.pdf,855 MB,896258383
4786061_1_M.pdf,67 MB,70035628
557034_5_M.pdf,6.14 GB,6594203137
4792461_1_M.pdf,41 MB,43290746
2889732_2_M.pdf,2 MB,2502804
4414645_3_M.pdf,126 MB,131959278
3823962_4_M.pdf,63 MB,65805540
4156999_3_M.pdf,158 MB,166046993
720619_4_M.pdf,181 MB,189538029
1890902_9_M.pdf,130 MB,136403661
3595106_2_M.pdf,55 MB,58090527
4103609_4_M.pdf,96 MB,101073639
3245361_3_M.pdf,54 MB,56164701
3297809_3_M.pdf,56 MB,58997866
590490_7_M.pdf,49 MB,51706260
3869331_3_M.pdf,165 MB,172933586
3572184_2_M.pdf,91 MB,95739280
4157017_3_M.pdf,32 MB,34062885
5332097_1_M.pdf,18 MB,19257692
610413_2_M.pdf,988 MB,1035818856
1330873_3_M.pdf,264 MB,276956527
1389727_7_M.pdf,82 MB,85936631
601606_4_M.pdf,39 MB,41032464
366779_4_M.pdf,77 MB,80678665
3832702_6_M.pdf,145 MB,152263866
5310680_1_M.pdf,44 MB,45986085
727868_2_M.pdf,72 MB,75522909
4616834_1_M.pdf,48 MB,50758081
3578196_5_M.pdf,162 MB,169564236
603059_5_M.pdf,56 MB,58473667
4478682_1_M.pdf,230 MB,241308187
1427593_12_M.pdf,70 MB,73798089
4606935_2_M.pdf,325 MB,341109308
87200_1_M.pdf,303 MB,318147034
721937_2_M.pdf,26 MB,27313018
1339588_7_M.pdf,125 MB,131554011
89965_8_M.pdf,55 MB,57821821
5304822_1_M.pdf,142 MB,148415225
733637_4_M.pdf,38 MB,40110026
1456501_3_M.pdf,19 MB,20349000
646225_6_M.pdf,105 MB,109700757
595179_2_M.pdf,32 MB,33949002
740480_6_M.pdf,250 MB,261871888
4138251_4_M.pdf,547 MB,573907715
4669750_1_M.pdf,27 MB,28631108
844814_2_M.pdf,98 MB,103271149
557799_7_M.pdf,61 MB,64240255
86809_4_M.pdf,47 MB,49739990
14834_5_M.pdf,92 MB,96934815
84313_2_M.pdf,18 MB,18877034
1865436_5_M.pdf,291 MB,304959119
3571204_3_M.pdf,55 MB,57227335
591649_3_M.pdf,2 MB,2464084
729879_13_M.pdf,318 MB,333448551
3536980_2_M.pdf,95 MB,99389297
18268_12_M.pdf,198 MB,207737049
3694883_2_M.pdf,93 MB,97015658
4708120_1_M.pdf,25 MB,26717847
5367678_1_M.pdf,47 MB,49519079
596865_4_M.pdf,160 MB,167582613
643319_2_M.pdf,340 MB,356119149
606140_4_M.pdf,69 MB,72860956
552915_9_M.pdf,39 MB,41341235
3516223_2_M.pdf,1 MB,1307150
3260168_2_M.pdf,443 MB,464409449
1354629_3_M.pdf,183 MB,192215970
3874891_4_M.pdf,75 MB,78161838
556204_7_M.pdf,1.02 GB,1097908263
729238_3_M.pdf,40 MB,41775518
3821402_2_M.pdf,189 MB,198429256
1359811_7_M.pdf,68 MB,71655134
3593871_10_M.pdf,98 MB,102521124
4676699_2_M.pdf,585 MB,613272007
3868139_6_M.pdf,151 MB,158047942
13166_13_M.pdf,141 MB,148178940
1876755_5_M.pdf,338 MB,354101423
82715_1_M.pdf,61 MB,64295967
1364000_4_M.pdf,316 MB,331415519
3518120_2_M.pdf,108 MB,113650882
4720973_3_M.pdf,141 MB,147587196
1868340_6_M.pdf,47 MB,48914163
733565_4_M.pdf,3 MB,3584583
599321_11_M.pdf,317 MB,331889747
4771350_4_M.pdf,90 MB,94824746
3278849_9_M.pdf,323 MB,338764299
3688015_2_M.pdf,24 MB,24752053
748234_6_M.pdf,146 MB,153363572
5515576_1_M.pdf,44 MB,46256316
557480_2_M.pdf,619 KB,633713
4610336_2_M.pdf,46 MB,48305092
727614_17_M.pdf,183 MB,191476960
4415291_2_M.pdf,56 MB,58365750
3256152_3_M.pdf,48 MB,50160668
3850035_6_M.pdf,266 MB,278495914
88888_4_M.pdf,43 MB,44729616
4781203_2_M.pdf,30 MB,31638509
1853205_13_M.pdf,306 MB,320515503
3283012_4_M.pdf,344 MB,361200031
4668555_5_M.pdf,1.9 GB,2044725079
590697_5_M.pdf,200 MB,210120400
4173118_1_M.pdf,16 MB,16639093
5386742_1_M.pdf,64 MB,67548627
280618_3_M.pdf,126 MB,132265624
720486_9_M.pdf,63 MB,65681387
5318558_2_M.pdf,112 MB,117613708
3275482_4_M.pdf,45 MB,46890805
647917_3_M.pdf,107 MB,112486787
5341452_1_M.pdf,105 MB,110067332
1425565_2_M.pdf,304 MB,319208072
733752_4_M.pdf,113 MB,118829260
3276747_2_M.pdf,128 MB,134447418
145811_4_M.pdf,159 MB,167160125
3241788_2_M.pdf,11 MB,11598599
4638785_8_M.pdf,109 MB,114692827
5347464_1_M.pdf,12 MB,12792039
1396018_6_M.pdf,46 MB,48710735
3884289_6_M.pdf,112 MB,117725057
86156_1_M.pdf,62 MB,64776713
4716536_1_M.pdf,249 MB,261615229
5374402_1_M.pdf,86 MB,90635049
606346_4_M.pdf,53 MB,55955778
737681_2_M.pdf,2 MB,1612787
1345356_8_M.pdf,476 MB,499346912
3871588_4_M.pdf,144 MB,150604594
3638088_3_M.pdf,565 MB,592261289
3879138_4_M.pdf,107 MB,112129226
605439_2_M.pdf,3 MB,2929608
367945_4_M.pdf,110 MB,115382852
4109936_3_M.pdf,106 MB,110737875
184620_4_M.pdf,5 MB,5574019
1495406_5_M.pdf,89 MB,92993375
2931018_6_M.pdf,79 MB,82449452
1490971_3_M.pdf,67 MB,70291057
185756_3_M.pdf,39 MB,40867858
3597690_2_M.pdf,126 MB,132539528
730213_3_M.pdf,79 MB,83195669
2949612_2_M.pdf,732 MB,768070982
3623629_3_M.pdf,49 MB,51505444
1382116_4_M.pdf,54 MB,56155440
3515546_3_M.pdf,45 MB,47528952
605676_8_M.pdf,184 MB,193033602
610331_7_M.pdf,126 MB,132333478
4177955_2_M.pdf,32 MB,33725571
3889642_2_M.pdf,158 MB,165941699
17886_4_M.pdf,137 MB,143910185
17510_1_M.pdf,34 MB,35655913
4637293_3_M.pdf,39 MB,40689869
3238648_2_M.pdf,31 MB,33001074
1356481_5_M.pdf,64 MB,67444572
19998_3_M.pdf,81 MB,85177446
1824401_8_M.pdf,250 MB,262089416
1894852_7_M.pdf,199 MB,208463000
4763062_3_M.pdf,250 MB,261917455
5363430_1_M.pdf,41 MB,43042866
1848340_6_M.pdf,404 MB,423619567
2964381_2_M.pdf,58 MB,60417814
1398821_8_M.pdf,279 MB,292900295
1815874_3_M.pdf,186 MB,194745889
4706540_1_M.pdf,95 MB,99402760
3528385_5_M.pdf,205 MB,215183072
643782_4_M.pdf,70 MB,73499187
742990_8_M.pdf,136 MB,143011228
4455069_2_M.pdf,168 MB,176199907
12026_8_M.pdf,2.5 GB,2688448567
4443016_2_M.pdf,98 MB,102346026
180512_6_M.pdf,62 MB,65394798
2947964_3_M.pdf,103 MB,108130462
611755_4_M.pdf,55 MB,58030172
739507_10_M.pdf,122 MB,128016845
2920510_4_M.pdf,89 MB,93412985
4434478_2_M.pdf,97 MB,101537202
4783521_1_M.pdf,2 MB,2617667
1889483_4_M.pdf,93 MB,97533265
3841551_2_M.pdf,229 MB,240321283
2934556_3_M.pdf,97 MB,101557309
4150378_1_M.pdf,119 MB,124401148
1392998_7_M.pdf,232 MB,242757851
183287_21_M.pdf,528 MB,553627903
1896529_5_M.pdf,125 MB,131097842
14478_4_M.pdf,151 MB,157847731
1841582_12_M.pdf,74 MB,77175184
1432549_6_M.pdf,153 MB,160924719
1497846_7_M.pdf,198 MB,207639481
591258_4_M.pdf,179 MB,187536155
3822865_2_M.pdf,674 MB,707009744
3592672_2_M.pdf,143 MB,149507950
5546132_1_M.pdf,29 MB,30681766
728366_2_M.pdf,218 MB,228255663
1340099_12_M.pdf,108 MB,112865321
4769556_1_M.pdf,294 MB,308038794
1482249_5_M.pdf,72 MB,75426982
616177_5_M.pdf,131 MB,137343749
3827735_2_M.pdf,4 MB,4434304
10219_13_M.pdf,114 MB,119810440
4466991_1_M.pdf,5 MB,5041553
3263294_4_M.pdf,114 MB,119518854
1864493_5_M.pdf,114 MB,119910748
1801708_5_M.pdf,96 MB,100717382
5385440_1_M.pdf,121 MB,126892705
1404164_2_M.pdf,291 MB,305411297
3829595_4_M.pdf,146 MB,153590178
187864_3_M.pdf,99 MB,104118099
735403_10_M.pdf,117 MB,122685511
2946774_5_M.pdf,125 MB,130867092
18381_5_M.pdf,67 MB,70131999
15063_18_M.pdf,283 MB,297076971
3227120_4_M.pdf,106 MB,110848031
2991565_3_M.pdf,116 MB,121647684
3878130_4_M.pdf,97 MB,101802303
4681046_1_M.pdf,254 MB,266492997
1802710_7_M.pdf,795 MB,833545395
844499_3_M.pdf,8 MB,8797618
2848607_3_M.pdf,38 MB,39542289
2892739_3_M.pdf,91 MB,95258303
2803597_3_M.pdf,138 MB,144551073
3268926_2_M.pdf,96 MB,101074340
4452343_2_M.pdf,111 MB,116422268
3663427_3_M.pdf,56 MB,59189970
5327260_1_M.pdf,298 MB,312700873
729582_3_M.pdf,26 MB,27412735
3559334_2_M.pdf,148 MB,155571099
1886800_5_M.pdf,127 MB,132912799
602999_4_M.pdf,12 MB,12655080
283337_10_M.pdf,299 MB,313012756
5550672_1_M.pdf,13 MB,13295403
3558323_2_M.pdf,46 MB,48463689
1424496_9_M.pdf,160 MB,167676452
609647_8_M.pdf,156 MB,163476725
4793318_1_M.pdf,229 MB,240570247
3864167_2_M.pdf,36 MB,37773168
4780350_2_M.pdf,124 MB,130132859
776197_12_M.pdf,72 MB,75269576
3244078_5_M.pdf,69 MB,72422129
4612675_1_M.pdf,164 MB,172452789
2874603_4_M.pdf,242 MB,253242683
4128136_1_M.pdf,977 KB,999985
5364627_1_M.pdf,44 MB,46158830
3654633_3_M.pdf,96 MB,100457618
2992085_7_M.pdf,128 MB,134252133
5548581_1_M.pdf,1.13 GB,1212257844
736829_2_M.pdf,2 MB,1585668
1844504_7_M.pdf,441 MB,462622030
2871471_7_M.pdf,171 MB,179576399
11245_6_M.pdf,73 MB,76135707
3285581_3_M.pdf,183 MB,192295896
3526406_7_M.pdf,125 MB,130957253
723861_6_M.pdf,358 MB,375631629
1326280_4_M.pdf,76 MB,79361588
5510817_1_M.pdf,54 MB,56168946
2980443_4_M.pdf,57 MB,59256886
644303_1_M.pdf,153 MB,160665176
3820047_2_M.pdf,62 MB,65436070
5350616_2_M.pdf,88 MB,92301183
3634079_6_M.pdf,105 MB,110326725
3622358_6_M.pdf,236 MB,247392316
736604_3_M.pdf,165 MB,172901778
4151909_2_M.pdf,181 MB,189412284
